{"cameraMode":{"drawMode":0,"name":"Shaded","section":"Shading Mode"},"sceneLighting":true,"audioPlay":false,"sceneViewState":{"m_AlwaysRefresh":false,"showFog":true,"showSkybox":true,"showFlares":true,"showImageEffects":true,"showParticleSystems":true,"showVisualEffectGraphs":true,"m_FxEnabled":true},"in2DMode":false,"pivot":{"x":14.67470932006836,"y":2.499995708465576,"z":-29.101276397705079},"rotation":{"x":0.07940492033958435,"y":-0.9144379496574402,"z":0.33049431443214419,"w":0.21970343589782716},"size":5.851195812225342,"orthographic":false}