{"cameraMode":{"drawMode":0,"name":"Shaded","section":"Shading Mode"},"sceneLighting":false,"audioPlay":false,"sceneViewState":{"m_AlwaysRefresh":false,"showFog":true,"showSkybox":false,"showFlares":true,"showImageEffects":true,"showParticleSystems":true,"showVisualEffectGraphs":true,"m_FxEnabled":true},"in2DMode":false,"pivot":{"x":3.871051549911499,"y":0.22806036472320558,"z":11.008452415466309},"rotation":{"x":0.07940492033958435,"y":-0.9144379496574402,"z":0.33049431443214419,"w":0.21970343589782716},"size":1.611082911491394,"orthographic":false}